,Player,Shot,Type,Stroke,Spin,Speed (KM/H),Point,Game,Set,Bounce Depth,Bounce Zone,Bounce Side,Bounce (x),Bounce (y),Hit Depth,Hit Zone,Hit Side,Hit (x),Hit (y),Hit (z),Direction,Result,Favorited,Start Time,Video Time,Winner_Point,ResultOld,Bounce (x)Old,Bounce (y)Old,Hit (x)Old,Hit (y)Old,Result2,Bounce (x)2,Bounce (y)2,Hit (x)2,Hit (y)2,comment
0,Opponent,1,serve,Serve,Flat,135.0,1,0.0,0.0,service_box,deuce,near,0.765069858,6.42,no_mans_land,deuce,far,-1.08,24.1,2.561971,down the T,In,False,14:38:34,487.679993,0,In,1.049524,6.417988,-1.076265,24.10195,In,0.765069858,6.42,-1.08,24.1,
1,Player,2,return,Backhand,Topspin,117.0,1,0.0,0.0,out,ad_alley,far,6.0,24.98,no_mans_land,deuce,near,1.45,-0.16,0.77616,inside in,Out,False,14:38:34,488.480011,0,Out,0.5,24.98,1.45,-0.16,Out,6.0,24.98,1.45,-0.16,
2,Opponent,1,serve,Serve,Flat,175.0,2,0.0,0.0,no_mans_land,ad,near,-2.5,5.6,no_mans_land,deuce,far,0.5,24.0,0.943198,down the T,In,False,14:38:57,511.380005,0,In,-2.5,5.6,-0.5,24.0,In,-2.5,5.6,0.5,24.0,
3,Player,2,return,Backhand,Slice,50.0,2,0.0,0.0,service_box,deuce,far,-0.053157,16.065332,out,ad,near,-3.684377,-0.923183,0.548687,down the line,In,False,14:38:58,512.140015,0,,,,,,,,,,,
4,Opponent,3,serve_plus_one,Forehand,Topspin,93.0,2,0.0,0.0,no_mans_land,ad,near,-2.63,5.6,no_mans_land,ad,far,0.17,21.08,0.971377,inside out,In,False,14:39:00,514.140015,0,In,-2.625685,5.030611,0.171785,21.076447,In,-2.63,5.6,0.17,21.08,
5,Player,0,none,Backhand,Flat,85.0,3,0.0,0.0,no_mans_land,deuce,far,-0.058216,18.79788,out,ad,near,-2.151492,-2.003824,1.234563,down the line,In,False,14:39:08,522.460022,1,,,,,,,,,,,cancelled
6,Player,0,none,Backhand,Topspin,31.0,3,0.0,0.0,no_mans_land,ad,near,-0.263375,11.88,service_box,ad,near,-0.784938,8.285197,1.36873,cross court,Net,False,14:39:10,524.380005,1,,,,,,,,,,,cancelled
7,Player,0,none,Forehand,Topspin,58.0,3,0.0,0.0,no_mans_land,ad,far,1.076518,18.660934,service_box,deuce,near,0.256034,5.125713,2.319408,down the line,In,False,14:39:16,530.179993,1,,,,,,,,,,,cancelled
8,Player,0,none,Forehand,Flat,100.0,4,0.0,0.0,no_mans_land,ad,far,0.648384,20.622561,service_box,deuce,near,1.128239,8.847772,1.747179,down the line,In,False,14:39:34,548.039978,1,,,,,,,,,,,
9,Opponent,1,serve,Serve,Flat,164.0,5,0.0,0.0,service_box,ad,near,-3.189553311,5.95,no_mans_land,ad,far,0.65,23.36,2.504712,out wide,In,False,14:39:43,557.179993,0,In,-4.065126,5.947461,0.648384,23.364412,In,-3.189553311,5.95,0.65,23.36,
10,Player,2,return,Backhand,Flat,46.0,5,0.0,0.0,service_box,ad,near,-2.514017,11.88,out,ad_alley,near,-4.683934,-0.834191,1.209312,down the line,Net,False,14:39:44,558.02002,0,,,,,,,,,,,
11,Player,1,serve,Serve,Flat,210.0,7,0.0,0.0,service_box,deuce,near,3.69789,5.54817,no_mans_land,deuce,far,-1.592442,24.05895,2.677845,out wide,In,False,14:40:41,614.780029,1,,,,,,,,,,,
12,Player,1,none,Serve,Flat,200.0,9,0.0,0.0,service_box,ad,far,-0.4,6.0,service_box,ad,near,0.1,24.0,2.462388,---,In,False,14:40:53,626.679993,1,In,0.4,6.0,-0.1,24.0,In,-0.4,6.0,0.1,24.0,
13,Opponent,2,none,Forehand,Flat,28.0,9,0.0,0.0,service_box,ad,far,2.79,26.0,service_box,ad,near,-0.5,-1.0,2.462388,inside out,Out,False,14:40:57,631.200012,1,Out,2.79,26.0,0.5,-1.0,Out,2.79,26.0,-0.5,-1.0,
14,Player,1,serve,Serve,Flat,132.0,10,0.0,0.0,service_box,deuce,near,0.5,5.98,no_mans_land,deuce,far,-1.36,24.34,2.549492,down the T,In,False,14:41:15,648.780029,1,Out,-0.5,5.98,-1.36,24.34,In,0.5,5.98,-1.36,24.34,
15,Opponent,0,return,Backhand,Flat,58.0,10,0.0,0.0,no_mans_land,deuce,far,-0.479286,21.38002,no_mans_land,deuce,near,1.402629,0.15931,0.950208,inside out,In,False,14:41:15,649.440002,1,,,,,,,,,,,
16,Player,1,serve,Serve,Flat,127.0,12,0.0,0.0,service_box,deuce,near,1.294211,6.098107,service_box,deuce,far,0.754952,23.620859,1.456736,down the T,In,False,14:41:23,657.380005,1,,,,,,,,,,,
17,Opponent,2,return,Backhand,Flat,94.0,12,0.0,0.0,no_mans_land,ad,far,0.316039,19.936829,no_mans_land,deuce,near,2.019885,-0.155773,1.023371,inside in,In,False,14:41:24,658.179993,1,,,,,,,,,,,
18,Player,3,serve_plus_one,Forehand,Topspin,95.0,12,0.0,0.0,service_box,ad,near,-2.530145,7.334408,no_mans_land,ad,far,0.521516,23.746855,0.816129,inside out,In,False,14:41:25,659.380005,1,,,,,,,,,,,
19,Opponent,4,return_plus_one,Backhand,Flat,61.0,12,0.0,0.0,no_mans_land,ad,far,1.41,25.0,no_mans_land,ad,near,-3.32,0.78,0.252792,cross court,Out,False,14:41:26,660.5,1,In,1.412796,21.605436,-3.324486,0.78372,Out,1.41,25.0,-3.32,0.78,
20,Player,0,in_play,Forehand,Topspin,85.0,12,0.0,0.0,no_mans_land,ad,near,-0.159641,1.643224,out,ad,far,1.774727,25.401423,1.046505,inside out,In,False,14:41:28,662.179993,1,,,,,,,,,,,
21,Opponent,0,in_play,Backhand,Topspin,105.0,12,0.0,0.0,no_mans_land,deuce,far,-2.63,24.0,out,ad,near,-3.42,-0.86,0.642478,down the line,Out,False,14:41:29,663.419983,1,In,-2.631104,23.361017,-3.415205,-0.861825,Out,-2.63,24.0,-3.42,-0.86,
22,Player,1,serve,Serve,Flat,174.0,13,0.0,0.0,service_box,ad,near,-0.15,8.7,no_mans_land,ad,far,0.43,23.0,2.112899,down the T,In,False,14:41:48,681.780029,1,In,-0.146855,10.70272,0.43027,22.995081,In,-0.15,8.7,0.43,23.0,
23,Player,0,none,Feed,Flat,28.0,14,0.0,0.0,no_mans_land,deuce,far,-1.135482,11.88,service_box,ad,far,0.166355,16.86581,2.135612,---,Net,False,14:41:59,693.47998,1,,,,,,,,,,,cancelled
24,Player,0,none,Backhand,Topspin,70.0,14,0.0,0.0,service_box,deuce,near,0.168282,6.119807,service_box,ad,far,0.292282,17.482655,1.822006,down the line,In,False,14:42:03,696.880005,1,,,,,,,,,,,cancelled
25,Opponent,1,serve,Serve,Slice,126.0,15,0.0,0.0,service_box,deuce,far,-4.0,17.96,no_mans_land,deuce,near,0.41,-0.51,2.522212,down the T,In,False,14:42:30,724.440002,0,In,-0.392467,17.960142,0.409637,-0.508024,In,-4.0,17.96,0.41,-0.51,
26,Player,2,return,Forehand,Slice,91.0,15,0.0,0.0,service_box,deuce_alley,near,4.26,11.88,no_mans_land,deuce_alley,far,-5.24,24.87,1.116142,cross court,Net,False,14:42:31,725.280029,0,Out,4.259056,7.35676,-5.243214,24.867014,Net,4.26,7.36,-5.24,24.87,
27,Opponent,1,serve,Serve,Kick,126.0,17,0.0,0.0,service_box,ad,far,0.945576,17.120506,no_mans_land,ad,near,-1.114281,0.181189,2.531514,down the T,In,False,14:42:51,745.280029,1,,,,,,,,,,,
28,Player,2,return,Forehand,Flat,90.0,17,0.0,0.0,out,ad_out,near,-3.0,3.0,no_mans_land,ad,far,1.48,24.9,1.15583,inside in,In,False,14:42:52,746.039978,1,Out,-3.0,3.0,1.48,24.9,In,-3.0,3.0,1.48,24.9,
29,Opponent,3,serve_plus_one,Backhand,Topspin,63.0,17,0.0,0.0,service_box,ad,near,-1.215096,11.88,no_mans_land,ad,near,-3.407444,0.584642,0.757582,cross court,Net,False,14:42:53,747.280029,1,,,,,,,,,,,
30,Opponent,1,serve,Serve,Slice,200.0,18,0.0,0.0,service_box,ad,far,0.588122,16.577099,out,ad,near,-0.920218,-0.85025,2.515468,down the T,In,False,14:43:43,796.559998,0,,,,,,,,,,,
31,Player,2,return,Forehand,Flat,65.0,18,0.0,0.0,service_box,ad,far,0.437144,11.88,out,ad,far,1.265386,25.3974,1.09977,inside out,Net,False,14:43:43,797.179993,0,,,,,,,,,,,
32,Opponent,1,serve,Serve,Flat,120.0,19,0.0,0.0,service_box,ad,far,-0.5,17.39,no_mans_land,deuce,near,0.48,1.15,2.477482,down the T,In,False,14:44:03,816.880005,0,Out,0.716434,17.387325,0.481699,1.153777,In,-0.5,17.39,0.48,1.15,
33,Player,0,none,Backhand,Topspin,105.0,20,0.0,0.0,service_box,deuce,near,0.445106,5.527153,no_mans_land,deuce,far,-0.747984,24.33742,1.466698,inside out,In,False,14:44:04,817.679993,1,,,,,,,,,,,
34,Opponent,1,serve,Serve,Slice,125.0,22,0.0,0.0,service_box,ad,far,2.27195,15.854853,out,ad,near,-1.459198,-0.676924,2.506228,out wide,In,False,14:44:36,850.140015,0,,,,,,,,,,,swapped srv
35,Player,2,return,Backhand,Topspin,87.0,22,0.0,0.0,service_box,deuce,near,0.673503,5.878971,no_mans_land,ad_alley,far,4.272779,24.64916,1.329217,down the line,In,False,14:44:37,850.97998,0,,,,,,,,,,,swapped srv
36,Opponent,3,serve_plus_one,Forehand,Topspin,106.0,22,0.0,0.0,no_mans_land,deuce,far,-2.425138,21.68251,no_mans_land,deuce,near,0.2314,1.794069,0.953005,cross court,In,False,14:44:38,852.179993,0,,,,,,,,,,,swapped srv
37,Player,4,return_plus_one,Forehand,Topspin,82.0,22,0.0,0.0,service_box,ad,near,-4.002411,6.82876,no_mans_land,deuce,far,-3.115527,24.770956,1.082308,down the line,In,False,14:44:39,853.179993,0,,,,,,,,,,,swapped srv
38,Opponent,5,in_play,Backhand,Flat,92.0,22,0.0,0.0,service_box,deuce,far,-0.335547,14.833732,out,ad_alley,near,-4.504372,-1.00905,0.47634,down the line,In,False,14:44:41,854.52002,0,,,,,,,,,,,swapped srv
39,Player,6,in_play,Forehand,Topspin,94.0,22,0.0,0.0,no_mans_land,deuce,near,0.9,-1.0,out,ad,far,0.06,25.08,0.949116,inside in,Out,False,14:44:42,855.619995,0,In,0.952279,2.96924,0.062819,25.076941,Out,0.9,-1.0,0.06,25.08,swapped srv
40,Opponent,0,in_play,Forehand,Flat,75.0,22,0.0,0.0,no_mans_land,deuce,far,-1.368163,23.085386,no_mans_land,deuce,near,0.804014,2.345134,0.888838,cross court,In,False,14:44:43,856.719971,0,,,,,,,,,,,swapped srv
41,Player,0,serve,Serve,Flat,191.0,25,0.0,0.0,service_box,ad,far,0.51023,15.789751,no_mans_land,deuce,near,0.97836,0.127373,2.165383,down the T,Out,False,14:46:49,982.780029,-1,,,,,,,,,,,cancelled
42,Player,1,serve,Serve,Slice,174.0,26,0.0,0.0,no_mans_land,deuce,far,-0.55,18.0,no_mans_land,deuce,near,0.97,1.43,2.568924,down the T,In,False,14:47:02,996.02002,1,Out,-0.545273,18.473482,0.96607,1.433691,In,-0.55,18.0,0.97,1.43,
43,Opponent,2,return,Backhand,Slice,63.0,26,0.0,0.0,service_box,deuce,near,2.390102,6.138795,no_mans_land,deuce,far,-1.509651,24.74103,1.198934,inside out,In,False,14:47:03,996.679993,1,,,,,,,,,,,
44,Player,3,serve_plus_one,Forehand,Topspin,79.0,26,0.0,0.0,no_mans_land,ad,far,2.643044,23.71279,no_mans_land,deuce,near,3.072095,1.918396,0.888647,down the line,In,False,14:47:04,998.179993,1,,,,,,,,,,,
45,Opponent,0,none,Backhand,Topspin,68.0,27,0.0,0.0,service_box,deuce,near,0.469378,6.451279,service_box,ad,far,1.014925,19.258547,1.237582,down the line,In,False,14:47:23,1016.679993,0,,,,,,,,,,,
46,Player,1,serve,Serve,Slice,147.0,28,0.0,0.0,service_box,ad,far,0.164134,18.215555,no_mans_land,ad,near,-0.443465,-0.20875,2.346221,down the T,In,False,14:47:27,1020.619995,1,,,,,,,,,,,
47,Opponent,0,none,Forehand,Flat,49.0,29,0.0,0.0,no_mans_land,deuce,near,0.781926,0.387545,service_box,ad,far,1.018393,16.803776,1.473766,inside in,In,False,14:47:43,1036.920044,0,,,,,,,,,,,
48,Player,1,serve,Serve,Slice,159.0,30,0.0,0.0,service_box,deuce,far,-1.761037,16.944561,no_mans_land,deuce,near,0.781926,-0.137702,2.7788,down the T,In,False,14:47:54,1047.880005,1,,,,,,,,,,,
49,Opponent,2,return,Backhand,Flat,85.0,30,0.0,0.0,service_box,deuce,near,0.364809,5.88606,out,deuce,far,-2.890791,25.071611,1.27378,inside out,In,False,14:47:55,1048.540039,1,,,,,,,,,,,
50,Player,3,serve_plus_one,Forehand,Topspin,102.0,30,0.0,0.0,no_mans_land,deuce,far,-1.879193,18.674391,no_mans_land,deuce,near,0.657622,2.325896,0.843981,cross court,In,False,14:47:56,1050.119995,1,,,,,,,,,,,
51,Opponent,4,return_plus_one,Backhand,Slice,63.0,30,0.0,0.0,out,deuce_alley,far,-5.251526,11.88,out,deuce,far,-2.496676,25.728094,0.939629,inside in,Net,False,14:47:57,1051.180054,1,,,,,,,,,,,
52,Opponent,0,none,Forehand,Topspin,67.0,31,0.0,0.0,no_mans_land,ad,near,-0.518369,2.078236,service_box,ad,far,0.385314,14.434358,1.433482,inside out,In,False,14:48:18,1072.47998,0,,,,,,,,,,,
53,Player,1,serve,Serve,Slice,123.0,32,0.0,0.0,service_box,ad,far,3.500926,16.621069,no_mans_land,ad,near,-0.518369,0.341897,2.49912,out wide,In,False,14:48:30,1084.380005,1,,,,,,,,,,,
54,Opponent,2,return,Backhand,Topspin,80.0,32,0.0,0.0,no_mans_land,ad,near,-1.07241,3.317245,no_mans_land,ad_alley,far,4.67433,24.253733,1.151934,down the line,In,False,14:48:31,1085.280029,1,,,,,,,,,,,
55,Player,3,serve_plus_one,Forehand,Topspin,110.0,32,0.0,0.0,no_mans_land,deuce,far,-3.523926,21.903509,no_mans_land,ad,near,-1.457931,1.121358,0.896725,inside in,In,False,14:48:33,1086.680054,1,,,,,,,,,,,
56,Opponent,1,serve,Serve,Flat,148.0,33,0.0,0.0,service_box,ad,far,0.307111,11.88,no_mans_land,deuce,far,-0.991605,23.948568,2.394618,down the T,Net,False,14:49:08,1121.880005,-2,,,,,,,,,,,
57,Opponent,1,serve,Serve,Flat,167.0,34,0.0,0.0,service_box,deuce,near,1.803767,7.046804,out,deuce,far,-1.046257,25.202223,2.638682,down the T,In,False,14:49:17,1130.579956,1,,,,,,,,,,,
58,Player,2,return,Forehand,Topspin,110.0,34,0.0,0.0,no_mans_land,ad,far,2.923115,20.065367,no_mans_land,deuce,near,3.016002,2.130044,1.316735,down the line,In,False,14:49:17,1131.380005,1,,,,,,,,,,,
59,Opponent,0,none,Backhand,Topspin,34.0,36,0.0,0.0,service_box,deuce_alley,far,-4.317838,11.88,service_box,deuce,far,-1.60658,15.341435,1.866805,inside in,Net,False,14:49:42,1156.47998,1,,,,,,,,,,,
60,Opponent,1,serve,Serve,Flat,103.0,37,0.0,0.0,service_box,ad,near,-3.193786,5.660437,out,ad,far,0.763827,25.037401,2.55998,out wide,In,False,14:49:51,1164.780029,0,,,,,,,,,,,
61,Player,0,none,Backhand,Flat,81.0,38,0.0,0.0,service_box,ad,far,0.497755,17.539112,no_mans_land,ad_alley,near,-4.251078,0.238655,0.853295,down the line,In,False,14:49:52,1165.939941,1,,,,,,,,,,,
62,Opponent,1,serve,Serve,Flat,93.0,41,0.0,0.0,service_box,ad,far,1.625284,11.88,no_mans_land,deuce,far,-1.096446,24.381014,2.409041,out wide,Net,False,14:50:23,1196.97998,-2,,,,,,,,,,,
63,Player,0,none,Feed,Flat,39.0,42,0.0,0.0,no_mans_land,ad,far,2.875714,18.882454,service_box,deuce,near,1.38765,9.2911,1.776247,---,In,False,14:50:39,1212.599976,0,,,,,,,,,,,cancelled
64,Opponent,0,none,Backhand,Topspin,101.0,42,0.0,0.0,no_mans_land,ad_alley,near,-4.5018,2.172349,out,ad,far,3.5426,25.578329,0.967071,down the line,Out,False,14:50:39,1213.380005,0,,,,,,,,,,,cancelled
65,Player,0,none,Forehand,Flat,79.0,42,0.0,0.0,no_mans_land,deuce_alley,far,-4.602392,22.416634,no_mans_land,ad,near,-1.197414,0.076018,0.926551,inside in,Out,False,14:50:40,1214.5,0,,,,,,,,,,,cancelled
66,Opponent,1,serve,Serve,Slice,141.0,43,0.0,0.0,service_box,ad,near,-1.538003,6.632001,out,ad,far,0.858106,25.163382,2.391671,down the T,In,False,14:51:18,1251.900024,1,,,,,,,,,,,
67,Player,2,return,Forehand,Topspin,95.0,43,0.0,0.0,no_mans_land,ad,far,2.492472,22.927734,no_mans_land,ad,near,-2.243468,1.938001,1.107784,inside out,In,False,14:51:19,1252.640015,1,,,,,,,,,,,
68,Opponent,3,serve_plus_one,Backhand,Slice,72.0,43,0.0,0.0,no_mans_land,deuce,near,2.384303,2.528946,out,ad,far,2.854736,25.515331,0.967323,down the line,In,False,14:51:20,1253.780029,1,,,,,,,,,,,
69,Player,4,return_plus_one,Forehand,Topspin,70.0,43,0.0,0.0,no_mans_land,ad,far,2.450895,21.344639,no_mans_land,deuce,near,1.832276,1.523615,0.554558,down the line,In,False,14:51:21,1255.380005,1,,,,,,,,,,,
70,Opponent,5,in_play,Backhand,Topspin,73.0,43,0.0,0.0,no_mans_land,deuce,near,1.23,-1.0,out,ad,far,3.33,25.98,1.410842,down the line,Out,False,14:51:23,1256.880005,1,In,1.23277,1.884149,3.330642,25.982332,Out,1.23,-1.0,3.33,25.98,
71,Player,0,in_play,Forehand,Flat,79.0,43,0.0,0.0,service_box,ad,near,-2.585618,11.88,out,deuce,near,0.948716,-0.865926,0.637445,down the line,Net,False,14:51:25,1258.52002,1,,,,,,,,,,,
72,Opponent,1,serve,Serve,Slice,155.0,45,0.0,0.0,service_box,deuce,near,2.994442,5.871282,no_mans_land,deuce,far,-1.242409,24.097849,2.642281,out wide,In,False,14:51:49,1283.23999,0,,,,,,,,,,,
73,Player,2,return,Forehand,Slice,59.0,45,0.0,0.0,no_mans_land,ad,far,1.381657,20.659424,no_mans_land,deuce_alley,near,4.647294,0.24015,1.15862,down the line,In,False,14:51:50,1283.97998,0,,,,,,,,,,,
74,Opponent,3,serve_plus_one,Forehand,Flat,45.0,45,0.0,0.0,no_mans_land,deuce,near,3.5165,2.040979,out,ad,far,1.28967,25.184826,1.148307,inside in,In,False,14:51:52,1285.719971,0,,,,,,,,,,,
75,Opponent,1,serve,Serve,Slice,175.0,47,0.0,0.0,service_box,deuce_alley,far,-5.226411,11.88,no_mans_land,ad,far,0.958267,22.823549,1.42105,out wide,Net,False,14:52:18,1312.280029,-2,,,,,,,,,,,
76,Opponent,1,serve,Serve,Flat,167.0,48,0.0,0.0,no_mans_land,ad_out,near,-3.5,5.5,no_mans_land,ad,far,-0.75,23.55,2.31562,out wide,In,False,14:52:27,1321.280029,1,Out,-5.51682,5.159506,-0.745752,23.547169,In,-3.5,5.5,-0.75,23.55,
77,Player,2,return,Backhand,Flat,79.0,48,0.0,0.0,no_mans_land,ad,far,0.070313,22.44207,no_mans_land,ad_alley,near,-4.118259,0.580085,1.185012,down the line,In,False,14:52:28,1322.02002,1,,,,,,,,,,,
78,Opponent,3,serve_plus_one,Forehand,Flat,77.0,48,0.0,0.0,service_box,deuce,far,-2.804224,11.88,out,ad,far,0.26106,25.485762,1.161433,inside in,Net,False,14:52:29,1323.319946,1,,,,,,,,,,,
79,Player,1,serve,Serve,Flat,164.0,49,0.0,0.0,service_box,deuce,near,3.305049,6.653894,no_mans_land,deuce,far,-1.107614,24.177988,2.142602,out wide,In,False,14:54:32,1446.380005,1,,,,,,,,,,,
80,Player,1,serve,Serve,Flat,162.0,51,0.0,0.0,service_box,ad,near,-2.987671,5.800497,no_mans_land,ad,far,0.414398,23.365053,2.293166,out wide,In,False,14:54:50,1463.780029,0,,,,,,,,,,,
81,Opponent,2,return,Backhand,Flat,70.0,51,0.0,0.0,no_mans_land,deuce,far,-3.920536,19.854992,no_mans_land,ad_alley,near,-4.261816,-0.091984,0.715568,down the line,In,False,14:54:50,1464.420044,0,,,,,,,,,,,
82,Player,1,serve,Serve,Flat,145.0,53,0.0,0.0,no_mans_land,deuce_alley,near,4.1,6.0,no_mans_land,deuce,far,-0.99,22.91,2.687536,out wide,In,False,14:55:18,1492.280029,1,Out,4.1,6.0,-0.99,22.91,In,4.1,6.0,-0.99,22.91,
83,Opponent,0,none,Forehand,Flat,88.0,54,0.0,0.0,no_mans_land,deuce,far,-0.00099,23.543526,out,deuce_alley,near,5.086091,-0.883499,1.400465,down the line,In,False,14:55:19,1492.900024,0,,,,,,,,,,,
84,Player,1,serve,Serve,Flat,145.0,55,0.0,0.0,service_box,ad,near,-4.078177,5.648626,no_mans_land,ad,far,-0.00099,24.752314,2.540934,out wide,In,False,14:55:43,1517.079956,1,,,,,,,,,,,
85,Opponent,1,serve,Serve,Slice,104.0,57,0.0,0.0,service_box,deuce,far,-3.959865,17.534269,no_mans_land,deuce,near,0.70138,0.698494,2.423239,out wide,In,False,14:56:46,1579.780029,0,,,,,,,,,,,
86,Player,2,return,Forehand,Topspin,95.0,57,0.0,0.0,service_box,ad_alley,near,-4.980083,6.653894,no_mans_land,deuce_alley,far,-5.006887,24.930002,0.74853,down the line,Out,False,14:56:47,1580.579956,0,,,,,,,,,,,
87,Opponent,1,serve,Serve,Slice,116.0,58,0.0,0.0,service_box,ad,far,3.149616,16.524675,no_mans_land,ad,near,-0.820524,1.25764,2.485075,out wide,In,False,14:57:20,1614.280029,0,,,,,,,,,,,
88,Player,2,return,Backhand,Slice,64.0,58,0.0,0.0,no_mans_land,ad_alley,near,-4.933274,3.504429,no_mans_land,ad_alley,far,5.339334,24.457598,1.214163,cross court,Out,False,14:57:21,1615.180054,0,,,,,,,,,,,
89,Player,0,none,Backhand,Topspin,30.0,60,0.0,0.0,no_mans_land,ad,far,0.156566,11.88,service_box,ad,far,0.192364,15.925562,1.610299,cross court,Net,False,14:57:42,1635.780029,0,,,,,,,,,,,
90,Opponent,1,serve,Serve,Slice,106.0,63,0.0,0.0,service_box,ad_alley,far,4.6,16.55,service_box,ad,near,0.17,0.82,2.116531,out wide,Let,False,14:58:08,1661.619995,-1,Out,4.600758,16.546078,0.17019,0.816997,Let,4.6,16.55,0.17,0.82,
91,Player,1,serve,Serve,Slice,110.0,65,0.0,0.0,service_box,deuce,far,-1.04103,12.598977,no_mans_land,deuce,near,0.913361,0.910323,2.480806,down the T,In,False,15:00:41,1815.079956,0,,,,,,,,,,,
92,Opponent,2,return,Backhand,Flat,53.0,65,0.0,0.0,no_mans_land,deuce,near,1.837735,4.83629,no_mans_land,deuce,far,-1.867772,24.715979,1.28892,inside out,In,False,15:00:42,1815.819946,0,,,,,,,,,,,
93,Player,3,serve_plus_one,Forehand,Topspin,108.0,65,0.0,0.0,no_mans_land,deuce,far,-2.431524,19.059677,no_mans_land,deuce,near,1.627155,2.511175,1.311543,cross court,In,False,15:00:44,1817.800049,0,,,,,,,,,,,
94,Opponent,4,return_plus_one,Forehand,Topspin,98.0,65,0.0,0.0,no_mans_land,deuce,near,3.153956,3.295921,out,deuce_alley,far,-4.196499,25.073923,0.70077,down the line,In,False,15:00:45,1818.819946,0,,,,,,,,,,,
95,Player,1,serve,Serve,Slice,166.0,67,0.0,0.0,service_box,deuce,far,-3.977975,17.88834,no_mans_land,deuce,near,0.669797,0.418002,2.603891,out wide,In,False,15:01:26,1859.579956,1,,,,,,,,,,,
96,Opponent,0,none,Backhand,Topspin,30.0,68,0.0,0.0,service_box,deuce,near,0.518063,11.201263,service_box,ad,far,0.504308,16.493475,1.65923,down the line,In,False,15:01:44,1878.180054,0,,,,,,,,,,,
97,Player,1,serve,Serve,Slice,134.0,69,0.0,0.0,service_box,ad,far,-0.1,17.69,no_mans_land,ad,near,-0.62,-0.47,2.570647,down the T,Out,False,15:01:49,1883.380005,-1,In,0.02635,17.691521,-0.617629,-0.467465,Out,-0.1,17.69,-0.62,-0.47,
98,Opponent,0,return,Forehand,Slice,51.0,69,0.0,0.0,service_box,ad,near,-0.089481,7.518621,out,ad,far,0.1648,25.744879,1.47511,inside out,In,False,15:01:50,1884.180054,-1,,,,,,,,,,,
99,Player,1,serve,Serve,Flat,194.0,71,0.0,0.0,service_box,ad,far,0.45,17.18,service_box,deuce,near,-0.45,0.26,2.193482,down the T,In,False,15:01:58,1891.819946,1,Out,0.452491,17.182703,0.451094,0.263046,In,0.45,17.18,-0.45,0.26,
100,Opponent,2,return,Forehand,Topspin,70.0,71,0.0,0.0,no_mans_land,ad_alley,near,-4.83163,0.910096,no_mans_land,ad,far,0.220509,24.433741,1.234424,inside in,Out,False,15:01:58,1892.280029,1,,,,,,,,,,,
101,Opponent,0,none,Backhand,Topspin,59.0,72,0.0,0.0,service_box,deuce,near,3.467907,6.994659,no_mans_land,deuce,far,-1.501487,22.087587,1.881931,inside out,In,False,15:02:19,1913.47998,0,,,,,,,,,,,
102,Player,0,serve,Serve,Flat,67.0,73,0.0,0.0,service_box,ad,far,2.819788,16.665712,service_box,deuce,near,0.070742,0.315591,2.542412,out wide,Out,False,15:02:52,1946.180054,1,,,,,,,,,,,cancelled
103,Opponent,0,return,Backhand,Topspin,61.0,73,0.0,0.0,service_box,ad,far,0.274708,11.88,no_mans_land,ad,far,4.073339,24.573669,0.727959,cross court,Net,False,15:02:54,1947.780029,1,,,,,,,,,,,cancelled
104,Opponent,1,serve,Serve,Flat,169.0,75,0.0,0.0,service_box,deuce,near,0.486059,5.866014,no_mans_land,deuce,far,-1.046161,23.495171,2.421512,down the T,In,False,15:03:30,1983.800049,0,,,,,,,,,,,
105,Player,2,return,Forehand,Flat,153.0,76,0.0,0.0,service_box,deuce,far,-1.48,17.39,service_box,ad,near,-2.02,0.64,1.408655,down the T,In,False,15:03:59,2012.880005,0,Out,-1.477935,17.394741,-2.016065,0.643461,In,-1.48,17.39,-2.02,0.64,
106,Opponent,3,serve_plus_one,Forehand,Topspin,108.0,76,0.0,0.0,service_box,deuce,near,1.556704,5.927855,out,deuce,far,-1.724965,26.404955,0.562521,cross court,In,False,15:04:00,2014.079956,0,,,,,,,,,,,
107,Player,4,return_plus_one,Forehand,Topspin,79.0,76,0.0,0.0,no_mans_land,ad,far,3.14583,19.619469,no_mans_land,deuce,near,2.758227,0.671434,0.532038,down the line,In,False,15:04:01,2015.280029,0,,,,,,,,,,,
108,Opponent,5,in_play,Backhand,Topspin,82.0,76,0.0,0.0,no_mans_land,ad_alley,near,-4.0,3.34,out,ad,far,3.46,25.49,1.050042,down the line,In,False,15:04:03,2016.680054,0,Out,-5.299161,3.335385,3.464955,25.491737,In,-4.0,3.34,3.46,25.49,
109,Player,6,in_play,Backhand,Flat,67.0,76,0.0,0.0,service_box,ad,near,-1.670315,11.88,no_mans_land,ad_alley,near,-5.052562,0.001998,0.614554,down the line,Net,False,15:04:04,2018.380005,0,,,,,,,,,,,
110,Opponent,0,none,Forehand,Flat,27.0,78,0.0,0.0,no_mans_land,ad,far,1.266131,11.88,no_mans_land,deuce,far,-0.105143,18.029531,0.862388,down the line,Net,False,15:04:33,2046.579956,1,,,,,,,,,,,
111,Player,0,none,Backhand,Topspin,80.0,79,0.0,0.0,service_box,deuce,far,-0.065959,14.637215,service_box,ad,near,-0.168264,6.063936,1.797602,down the line,In,False,15:04:39,2052.679932,-2,,,,,,,,,,,cancelled
112,Opponent,0,none,Forehand,Topspin,66.0,79,0.0,0.0,out,deuce,near,0.916389,-1.652841,service_box,deuce,far,-0.065959,15.846003,0.906831,cross court,Out,False,15:04:39,2053.080078,-2,,,,,,,,,,,cancelled
113,Opponent,1,serve,Serve,Slice,152.0,81,0.0,0.0,service_box,ad,near,-3.01914,6.648462,no_mans_land,ad,far,0.507413,22.97669,2.318076,out wide,In,False,15:05:11,2084.580078,1,,,,,,,,,,,
114,Player,2,return,Backhand,Topspin,100.0,81,0.0,0.0,no_mans_land,deuce,far,-2.550587,22.237465,out,ad_alley,near,-4.611278,-0.730025,0.579884,down the line,In,False,15:05:11,2085.320068,1,,,,,,,,,,,
115,Opponent,1,serve,Serve,Flat,126.0,82,0.0,0.0,no_mans_land,deuce,near,0.255783,4.22707,no_mans_land,deuce,far,-0.914316,24.318079,2.667305,down the T,Out,False,15:05:48,2122.080078,-2,,,,,,,,,,,
116,Opponent,0,none,Backhand,Topspin,70.0,83,0.0,0.0,service_box,deuce,near,0.512687,6.105097,service_box,deuce,far,-0.982752,19.16503,1.104535,inside out,In,False,15:05:54,2128.280029,1,,,,,,,,,,,cancelled
117,Player,0,none,Forehand,Topspin,60.0,83,0.0,0.0,no_mans_land,ad,far,0.476623,19.802414,service_box,deuce,near,0.512687,5.57985,1.620401,down the line,In,False,15:05:55,2128.97998,1,,,,,,,,,,,cancelled
118,Opponent,0,serve,Serve,Flat,47.0,84,0.0,0.0,service_box,deuce,near,1.986825,6.01288,no_mans_land,deuce,far,-0.153651,23.119465,1.05845,down the T,In,False,15:05:56,2130.379883,1,,,,,,,,,,,cancelled
119,Player,0,return,Backhand,Topspin,63.0,84,0.0,0.0,no_mans_land,ad,far,2.947165,21.089226,no_mans_land,deuce,near,3.00187,0.704817,0.981251,inside in,In,False,15:05:59,2132.699951,1,,,,,,,,,,,cancelled
120,Player,0,none,Feed,Flat,31.0,85,0.0,0.0,no_mans_land,ad,far,0.830254,19.702084,no_mans_land,ad,near,-0.335142,-0.074326,1.82694,---,In,False,15:06:15,2148.919922,0,,,,,,,,,,,cancelled
121,Opponent,0,none,Backhand,Topspin,45.0,85,0.0,0.0,service_box,deuce,far,-0.171248,11.88,no_mans_land,ad,far,0.489687,22.661665,1.339472,down the line,Net,False,15:06:19,2153.179932,0,,,,,,,,,,,cancelled
122,Opponent,0,none,Backhand,Topspin,30.0,85,0.0,0.0,service_box,deuce,near,0.319388,8.567615,service_box,ad,far,0.599573,15.007968,1.398043,down the line,In,False,15:06:21,2154.580078,0,,,,,,,,,,,cancelled
123,Opponent,0,none,Backhand,Topspin,45.0,85,0.0,0.0,service_box,deuce,near,1.000776,8.308612,no_mans_land,ad,far,1.024632,20.508226,2.456572,down the line,In,False,15:06:26,2160.179932,0,,,,,,,,,,,cancelled
124,Opponent,1,serve,Serve,Flat,173.0,88,0.0,0.0,service_box,deuce,near,3.025877,5.829817,no_mans_land,deuce,far,-1.006077,24.407152,2.761324,out wide,In,False,15:07:04,2197.780029,0,,,,,,,,,,,
125,Player,0,none,Forehand,Flat,57.0,89,0.0,0.0,service_box,ad,far,0.284822,13.651204,no_mans_land,deuce_alley,near,4.694263,-0.187405,1.10718,down the line,In,False,15:07:04,2198.47998,1,,,,,,,,,,,
126,Opponent,1,serve,Serve,Flat,136.0,91,0.0,0.0,service_box,ad,near,-3.765099,6.282881,no_mans_land,ad,far,0.861561,22.839922,2.333301,out wide,In,False,15:07:24,2217.679932,0,,,,,,,,,,,
127,Player,2,return,Backhand,Slice,55.0,91,0.0,0.0,service_box,ad_alley,near,-4.605947,11.88,out,ad_alley,near,-5.133798,-1.910289,1.030644,cross court,Net,False,15:07:24,2218.379883,0,,,,,,,,,,,
128,Opponent,0,none,Forehand,Topspin,41.0,93,0.0,0.0,service_box,ad,near,-0.192388,9.796431,service_box,ad,far,0.141259,14.945705,1.531239,inside out,In,False,15:08:24,2278.080078,0,,,,,,,,,,,
129,Player,1,serve,Serve,Flat,181.0,96,0.0,0.0,service_box,ad,near,-0.125609,5.856718,service_box,ad,far,0.419749,23.671289,3.780719,down the T,In,False,15:09:49,2362.580078,1,,,,,,,,,,,
130,Opponent,2,return,Backhand,Flat,71.0,96,0.0,0.0,service_box,ad,far,1.118379,16.89057,no_mans_land,ad_alley,near,-5.30161,-0.248274,1.071721,down the line,In,False,15:09:49,2363.399902,1,,,,,,,,,,,
131,Player,3,serve_plus_one,Forehand,Slice,117.0,96,0.0,0.0,service_box,deuce,near,2.408943,6.101173,no_mans_land,ad,far,2.809368,23.52183,1.108122,inside in,In,False,15:09:51,2365.0,1,,,,,,,,,,,
132,Player,1,serve,Serve,Flat,125.0,97,0.0,0.0,service_box,deuce,near,3.48,4.98,no_mans_land,deuce,far,-0.85,23.01,2.63274,out wide,Out,False,15:10:14,2387.679932,-1,In,3.479873,5.602674,-0.854698,23.009954,Out,3.48,4.98,-0.85,23.01,
133,Player,0,serve,Serve,Flat,129.0,98,0.0,0.0,service_box,deuce,near,2.100611,5.492283,out,deuce,far,-1.715778,25.046516,2.703744,down the T,In,False,15:10:24,2397.97998,0,,,,,,,,,,,cancelled
134,Opponent,0,return,Forehand,Flat,72.0,98,0.0,0.0,no_mans_land,ad,far,1.166936,22.096783,no_mans_land,deuce,near,3.036877,1.007339,1.303886,down the line,In,False,15:10:25,2398.800049,0,,,,,,,,,,,cancelled
135,Player,0,none,Forehand,Topspin,48.0,99,0.0,0.0,no_mans_land,deuce,near,0.195045,4.370724,no_mans_land,ad,far,0.794037,23.645464,1.678377,inside in,In,False,15:10:26,2400.080078,1,,,,,,,,,,,
136,Player,0,none,Backhand,Topspin,80.0,100,0.0,0.0,no_mans_land,deuce,far,-0.145101,11.88,service_box,ad,far,3.697014,16.752136,2.282277,down the line,Net,False,15:11:14,2447.679932,0,,,,,,,,,,,
137,Player,0,none,Backhand,Topspin,43.0,101,0.0,0.0,service_box,deuce,far,-0.025762,11.88,no_mans_land,ad,far,0.1042,22.751545,1.456838,down the line,Net,False,15:11:27,2461.080078,0,,,,,,,,,,,
138,Player,1,serve,Serve,Flat,116.0,102,0.0,0.0,service_box,deuce,near,1.066117,5.818777,no_mans_land,deuce,far,-1.749631,24.746582,2.842668,down the T,In,False,15:11:53,2486.97998,0,,,,,,,,,,,
139,Opponent,2,return,Backhand,Flat,79.0,102,0.0,0.0,service_box,deuce,far,-1.412312,16.566439,no_mans_land,deuce,near,1.370694,-0.032976,1.067838,inside out,In,False,15:11:54,2487.879883,0,,,,,,,,,,,
140,Player,3,serve_plus_one,Forehand,Topspin,56.0,102,0.0,0.0,service_box,deuce,far,-2.541624,11.88,no_mans_land,deuce,far,-2.990423,24.937872,1.238333,cross court,Net,False,15:11:55,2489.280029,0,,,,,,,,,,,
141,Player,1,serve,Serve,Flat,189.0,105,0.0,0.0,no_mans_land,ad,near,-0.93,6.0,no_mans_land,ad,far,0.35,23.54,3.355194,down the T,In,False,15:12:26,2519.97998,1,Out,-0.92656,2.822749,0.349673,23.537323,In,-0.93,6.0,0.35,23.54,
142,Player,1,serve,Serve,Flat,189.0,107,0.0,0.0,service_box,deuce,near,3.467798,6.047267,no_mans_land,deuce,far,-1.287784,23.077259,2.714002,out wide,In,False,15:13:05,2559.23999,1,,,,,,,,,,,
143,Opponent,2,return,Forehand,Flat,77.0,107,0.0,0.0,no_mans_land,deuce,far,-1.35,25.0,no_mans_land,deuce_alley,near,4.82,-0.46,1.129066,down the line,Out,False,15:13:06,2560.060059,1,In,-1.351558,21.162468,4.816899,-0.463619,Out,-1.35,25.0,4.82,-0.46,
144,Player,0,serve_plus_one,Forehand,Flat,113.0,107,0.0,0.0,service_box,ad,near,-2.630255,6.760896,no_mans_land,deuce,far,-2.911259,22.955149,1.115931,down the line,In,False,15:13:08,2561.699951,1,,,,,,,,,,,
145,Opponent,0,none,Backhand,Flat,37.0,108,0.0,0.0,service_box,ad,far,0.074653,12.810991,no_mans_land,ad,near,-1.243717,3.081474,2.764575,cross court,In,False,15:13:10,2563.600098,0,,,,,,,,,,,
146,Opponent,0,none,Forehand,Topspin,39.0,111,0.0,0.0,service_box,ad,far,0.206657,13.606823,no_mans_land,deuce,near,0.888316,4.685771,4.883924,down the line,In,False,15:13:46,2600.179932,0,,,,,,,,,,,
147,Player,1,serve,Serve,Flat,79.0,112,0.0,0.0,service_box,deuce,far,-0.49376,11.88,no_mans_land,ad,far,0.210685,24.877005,2.432203,down the T,Net,False,15:14:02,2616.379883,-1,,,,,,,,,,,
148,Player,1,serve,Serve,Flat,174.0,113,0.0,0.0,service_box,ad,near,-3.788282,5.901061,no_mans_land,ad,far,0.023237,24.676382,2.599108,out wide,In,False,15:14:11,2625.379883,1,,,,,,,,,,,
149,Opponent,2,return,Backhand,Flat,62.0,113,0.0,0.0,no_mans_land,deuce,far,-1.82,25.0,no_mans_land,ad_alley,near,-4.78,0.07,0.87907,down the line,Out,False,15:14:12,2626.120117,1,In,-1.817926,23.249641,-4.783549,0.070675,Out,-1.82,25.0,-4.78,0.07,
150,Player,0,serve_plus_one,Forehand,Slice,116.0,113,0.0,0.0,no_mans_land,ad,near,-0.311409,2.841673,out,deuce,far,-1.353562,25.142159,1.894334,down the line,In,False,15:14:14,2628.179932,1,,,,,,,,,,,
151,Opponent,0,none,Forehand,Topspin,69.0,115,0.0,0.0,service_box,ad,far,1.412574,16.917879,no_mans_land,deuce,near,0.026447,3.514501,1.765214,down the line,In,False,15:15:22,2695.679932,0,,,,,,,,,,,
152,Opponent,0,none,Backhand,Topspin,95.0,116,0.0,0.0,no_mans_land,deuce_alley,far,-5.080881,18.657204,out,ad,near,-1.178397,-18.617472,1.325885,down the line,Out,False,15:15:47,2720.580078,1,,,,,,,,,,,
153,Opponent,0,serve,Serve,Flat,181.0,117,0.0,0.0,service_box,ad,far,0.437781,13.432682,service_box,deuce,near,-0.263472,0.542167,2.1105,down the T,Out,False,15:15:54,2728.0,-2,,,,,,,,,,,cancelled
154,Opponent,0,none,Forehand,Flat,59.0,118,0.0,0.0,service_box,ad,far,1.093511,17.241257,service_box,deuce,near,0.552138,9.698809,1.664846,down the line,In,False,15:16:00,2734.399902,0,,,,,,,,,,,
155,Opponent,1,serve,Serve,Slice,88.0,119,0.0,0.0,service_box,deuce,far,-0.701045,15.576249,no_mans_land,deuce,near,0.552573,1.442594,2.392819,down the T,In,False,15:16:48,2781.540039,0,,,,,,,,,,,
156,Player,2,return,Backhand,Slice,80.0,119,0.0,0.0,service_box,deuce,near,0.44961,5.54817,no_mans_land,deuce,far,-1.852165,24.937304,1.144951,inside out,In,False,15:16:48,2782.379883,0,,,,,,,,,,,
157,Opponent,3,serve_plus_one,Forehand,Flat,88.0,119,0.0,0.0,out,ad,far,0.13,23.0,no_mans_land,deuce,near,0.34,1.97,0.961549,down the line,In,False,15:16:50,2783.780029,0,Out,0.133945,25.337566,0.335225,1.97047,In,0.13,23.0,0.34,1.97,
158,Opponent,1,serve,Serve,Kick,174.0,122,0.0,0.0,no_mans_land,deuce,far,-0.5,18.0,service_box,deuce,near,0.08,-0.07,2.27365,down the T,In,False,15:17:30,2823.679932,0,Out,-0.972628,22.09174,0.082438,-0.069145,In,-0.5,18.0,0.08,-0.07,
159,Player,0,return,Backhand,Topspin,69.0,122,0.0,0.0,out,deuce,far,-0.949414,11.88,no_mans_land,deuce,far,-0.949414,23.5061,1.140041,inside out,Net,False,15:17:30,2824.47998,0,,,,,,,,,,,
160,Opponent,1,serve,Serve,Flat,107.0,123,0.0,0.0,service_box,ad_alley,far,4.92,11.88,no_mans_land,ad,near,-0.99,0.52,2.36946,out wide,Net,False,15:17:53,2847.23999,-2,Out,4.918346,18.257591,-0.992876,0.518436,Net,4.92,18.26,-0.99,0.52,
161,Opponent,1,serve,Serve,Flat,104.0,124,0.0,0.0,service_box,ad,far,2.047462,14.780062,no_mans_land,ad,near,-1.110815,-0.115693,2.513698,out wide,In,False,15:18:03,2856.639893,0,,,,,,,,,,,
162,Player,2,return,Forehand,Topspin,87.0,124,0.0,0.0,no_mans_land,ad,near,-5.0,1.22,no_mans_land,ad,far,3.73,24.7,1.34678,inside out,Out,False,15:18:03,2857.47998,0,In,-3.792343,1.220021,3.729747,24.703253,Out,-5.0,1.22,3.73,24.7,
163,Opponent,0,none,Backhand,Topspin,46.0,126,0.0,0.0,service_box,ad,near,-0.049518,10.017458,service_box,ad,far,0.535075,19.4412,1.664856,cross court,In,False,15:18:25,2878.97998,0,,,,,,,,,,,
164,Player,1,serve,Serve,Slice,142.0,127,0.0,0.0,service_box,deuce,far,-1.211497,18.113962,no_mans_land,deuce,near,0.616307,1.194737,2.438653,down the T,In,False,15:19:02,2916.23999,1,,,,,,,,,,,
165,Opponent,2,return,Backhand,Slice,66.0,127,0.0,0.0,out,ad_out,near,-5.970122,-0.736117,out,deuce,far,-1.347466,25.379183,1.126722,inside in,Out,False,15:19:03,2917.02002,1,,,,,,,,,,,
166,Player,0,serve_plus_one,Forehand,Topspin,71.0,127,0.0,0.0,no_mans_land,ad,near,-0.532972,11.88,out,deuce,near,0.486154,-3.120038,1.367664,down the line,Net,False,15:19:08,2922.47998,1,,,,,,,,,,,
167,Player,1,serve,Serve,Kick,107.0,128,0.0,0.0,service_box,ad,far,1.522641,17.308714,no_mans_land,ad,near,-0.563137,0.080807,2.613833,down the T,In,False,15:19:20,2933.580078,1,,,,,,,,,,,
168,Player,1,serve,Serve,Slice,170.0,129,0.0,0.0,service_box,deuce,far,-4.032837,18.113962,no_mans_land,deuce,near,0.413158,0.069267,2.577198,out wide,In,False,15:19:39,2953.080078,1,,,,,,,,,,,
169,Opponent,2,return,Forehand,Topspin,35.0,129,0.0,0.0,out,ad,near,-2.207296,-0.390672,out,deuce_alley,far,-5.062065,25.550474,1.103697,down the line,Out,False,15:19:40,2953.780029,1,,,,,,,,,,,
170,Opponent,0,none,Feed,Flat,35.0,130,0.0,0.0,service_box,deuce,near,3.342137,7.594562,service_box,ad,far,0.213731,15.288309,1.944695,---,In,False,15:20:37,3010.97998,1,,,,,,,,,,,
171,Player,2,none,Forehand,Slice,56.0,130,0.0,0.0,no_mans_land,ad,far,1.431999,20.578251,no_mans_land,deuce_alley,near,4.182814,0.268137,1.433809,down the line,In,False,15:20:40,3014.47998,1,,,,,,,,,,,
172,Opponent,3,none,Forehand,Topspin,107.0,130,0.0,0.0,service_box,ad,near,-4.61,5.67,out,ad,far,1.31,25.59,1.467108,inside out,Out,False,15:20:42,3016.379883,1,In,-3.985661,5.67239,1.310425,25.59326,Out,-4.61,5.67,1.31,25.59,
173,Opponent,1,serve,Serve,Flat,119.0,132,0.0,0.0,no_mans_land,deuce,near,1.15,4.42,no_mans_land,deuce,far,-1.08,24.57,2.589472,down the T,Let,False,15:21:28,3062.47998,-1,Out,1.154748,4.4156,-1.080403,24.570204,Let,1.15,4.42,-1.08,24.57,
174,Player,0,return,Backhand,Topspin,70.0,132,0.0,0.0,no_mans_land,ad,far,0.276491,18.657204,no_mans_land,deuce,near,0.949217,0.752814,0.942658,inside in,In,False,15:21:29,3063.100098,-1,,,,,,,,,,,
175,Player,0,none,Forehand,Topspin,31.0,133,0.0,0.0,no_mans_land,ad,near,-0.047444,11.88,no_mans_land,deuce,near,0.446006,4.19237,2.27505,down the line,Net,False,15:22:24,3118.179932,0,,,,,,,,,,,cancelled
176,Player,0,none,Backhand,Topspin,50.0,133,0.0,0.0,service_box,deuce,near,1.93651,11.88,out,ad,near,-1.36637,-1.480473,0.91014,down the line,Net,False,15:22:28,3122.080078,0,,,,,,,,,,,cancelled
177,Player,0,none,Backhand,Flat,18.0,133,0.0,0.0,service_box,deuce,near,0.335843,11.88,service_box,deuce,near,0.151372,10.403473,1.122417,inside out,Net,False,15:22:29,3123.419922,0,,,,,,,,,,,cancelled
178,Player,0,serve,Serve,Flat,128.0,134,0.0,0.0,no_mans_land,deuce,far,-0.141515,18.415268,no_mans_land,deuce,near,0.177968,0.9969,2.385912,down the T,Out,False,15:22:32,3126.179932,0,,,,,,,,,,,cancelled
179,Opponent,0,return,Backhand,Topspin,70.0,134,0.0,0.0,no_mans_land,ad,near,-2.138813,2.351677,no_mans_land,ad,far,0.188615,21.056435,1.565396,cross court,In,False,15:22:35,3129.080078,0,,,,,,,,,,,cancelled
180,Opponent,1,serve,Serve,Flat,163.0,135,0.0,0.0,service_box,deuce,near,1.474363,5.660437,no_mans_land,deuce,far,-0.779437,24.37718,2.148933,down the T,In,False,15:23:08,3162.5,1,,,,,,,,,,,
181,Player,2,return,Backhand,Flat,77.0,135,0.0,0.0,no_mans_land,ad,far,3.266558,20.235703,no_mans_land,deuce,near,1.991341,0.596694,1.080083,inside in,In,False,15:23:09,3163.360107,1,,,,,,,,,,,
182,Opponent,3,serve_plus_one,Backhand,Slice,94.0,135,0.0,0.0,no_mans_land,ad,near,-0.976663,2.453609,no_mans_land,ad,far,3.529727,24.700666,1.375041,cross court,In,False,15:23:11,3165.0,1,,,,,,,,,,,
183,Player,4,return_plus_one,Forehand,Topspin,88.0,135,0.0,0.0,no_mans_land,ad,far,3.13697,19.474468,out,ad,near,-1.782018,-1.087925,0.774924,inside out,In,False,15:23:12,3166.280029,1,,,,,,,,,,,
184,Opponent,0,none,Forehand,Topspin,88.0,136,0.0,0.0,service_box,deuce,near,0.811239,5.558846,no_mans_land,deuce,far,-0.551309,20.005121,1.167638,cross court,In,False,15:23:23,3176.580078,0,,,,,,,,,,,
185,Player,0,none,Forehand,Topspin,47.0,138,0.0,0.0,service_box,deuce,near,1.488418,8.123842,service_box,ad,far,0.104186,16.959763,1.683496,inside in,In,False,15:23:42,3195.97998,1,,,,,,,,,,,
186,Player,1,serve,Serve,Flat,199.0,141,0.0,0.0,service_box,deuce,near,3.568198,7.877698,service_box,deuce,far,-0.864345,23.647026,2.545104,out wide,In,False,15:25:24,3297.879883,1,,,,,,,,,,,
187,Opponent,2,return,Forehand,Topspin,91.0,141,0.0,0.0,no_mans_land,deuce,far,-1.359442,19.079115,out,deuce_alley,near,4.90816,-0.648242,1.155777,down the line,In,False,15:25:25,3298.540039,1,,,,,,,,,,,
188,Player,3,serve_plus_one,Forehand,Topspin,100.0,141,0.0,0.0,no_mans_land,ad,near,-3.833525,2.470361,no_mans_land,deuce,far,-2.246135,24.370951,1.127086,down the line,In,False,15:25:26,3299.679932,1,,,,,,,,,,,
189,Opponent,4,return_plus_one,Backhand,Slice,51.0,141,0.0,0.0,out,ad_alley,near,-4.22,11.88,out,ad_alley,near,-4.37,-1.21,0.808051,cross court,Net,False,15:25:27,3300.899902,1,Net,-4.216854,11.88,-4.366015,-1.211942,Net,-4.22,11.88,-4.37,-1.21,
190,Opponent,0,in_play,Backhand,Flat,87.0,141,0.0,0.0,out,ad_alley,near,-4.581848,11.88,no_mans_land,deuce,near,0.002469,5.394852,1.416992,inside in,Net,False,15:25:29,3303.300049,1,,,,,,,,,,,
191,Player,1,serve,Serve,Flat,198.0,142,0.0,0.0,service_box,ad,near,-3.25871,8.050175,no_mans_land,ad,far,0.396241,23.984118,2.413081,out wide,In,False,15:25:49,3323.280029,1,,,,,,,,,,,
192,Player,1,serve,Serve,Flat,206.0,143,0.0,0.0,service_box,ad,near,-0.831279,6.351611,no_mans_land,ad,far,0.372966,23.296801,2.472762,down the T,In,False,15:26:26,3360.379883,1,,,,,,,,,,,
193,Opponent,0,none,Feed,Flat,32.0,144,0.0,0.0,no_mans_land,ad,far,1.003688,18.32865,no_mans_land,deuce,near,2.350347,0.498817,1.478022,---,In,False,15:26:30,3364.379883,0,,,,,,,,,,,cancelled
194,Opponent,0,none,Forehand,Topspin,89.0,144,0.0,0.0,service_box,ad,far,0.767898,17.197218,service_box,deuce,near,0.793404,7.629885,1.241405,down the line,In,False,15:26:32,3366.47998,0,,,,,,,,,,,cancelled
195,Player,0,none,Backhand,Topspin,25.0,145,0.0,0.0,service_box,deuce,near,0.121341,11.303632,service_box,ad,far,0.153583,14.988228,1.742118,down the line,In,False,15:26:47,3380.679932,1,,,,,,,,,,,
196,Opponent,0,serve,Serve,Slice,97.0,146,0.0,0.0,no_mans_land,ad,far,0.6452,18.485542,service_box,ad,near,0.121341,0.194894,2.58683,down the T,Out,False,15:26:52,3386.080078,-2,,,,,,,,,,,cancelled
197,Opponent,1,serve,Serve,Slice,129.0,147,0.0,0.0,service_box,ad,far,1.105323,18.226231,no_mans_land,deuce,near,0.53355,1.409917,2.545416,down the T,Out,False,15:27:00,3394.179932,-2,,,,,,,,,,,
198,Opponent,0,none,Forehand,Slice,52.0,148,0.0,0.0,no_mans_land,deuce,near,0.341825,11.88,no_mans_land,deuce,near,0.294999,2.365245,2.17875,cross court,Net,False,15:27:25,3418.97998,0,,,,,,,,,,,cancelled
199,Opponent,0,none,Forehand,Flat,60.0,148,0.0,0.0,service_box,ad,far,0.191513,17.48744,service_box,deuce,near,0.366731,6.718725,2.112599,down the line,In,False,15:27:26,3420.0,0,,,,,,,,,,,cancelled
200,Player,0,none,Backhand,Topspin,90.0,148,0.0,0.0,out,ad,near,-1.032784,-0.733993,service_box,ad,far,0.191513,18.696228,1.774761,cross court,Out,False,15:27:31,3425.280029,0,,,,,,,,,,,cancelled
201,Opponent,1,serve,Serve,Flat,99.0,149,0.0,0.0,service_box,deuce_alley,near,5.27506,11.88,out,ad,near,-1.032784,-1.25924,2.596865,out wide,Net,False,15:27:33,3427.179932,-2,,,,,,,,,,,
202,Opponent,1,serve,Serve,Slice,153.0,151,0.0,0.0,service_box,deuce,far,-0.19011,17.576376,no_mans_land,deuce,near,0.722746,0.976952,2.32432,down the T,In,False,15:28:02,3456.379883,0,,,,,,,,,,,
203,Player,0,return,Backhand,Slice,55.0,151,0.0,0.0,no_mans_land,ad,near,-0.181785,4.873737,out,deuce,far,-0.644381,25.470053,1.560257,inside in,In,False,15:28:03,3457.179932,0,,,,,,,,,,,
204,Opponent,1,serve,Serve,Flat,125.0,152,0.0,0.0,service_box,ad,far,0.180218,16.082249,no_mans_land,deuce,near,0.471333,-0.244922,2.596646,down the T,Out,False,15:28:42,3495.97998,-2,,,,,,,,,,,
205,Player,1,serve,Serve,Flat,133.0,155,0.0,0.0,service_box,deuce,far,-2.948221,17.85811,no_mans_land,deuce,near,1.046647,0.161412,2.339802,out wide,In,False,15:30:50,3624.179932,1,,,,,,,,,,,
206,Opponent,2,return,Forehand,Flat,67.0,155,0.0,0.0,service_box,deuce_alley,far,-4.652894,11.88,out,deuce_alley,far,-5.311418,25.538767,0.878898,cross court,Net,False,15:30:51,3625.02002,1,,,,,,,,,,,
207,Opponent,0,none,Backhand,Topspin,100.0,158,0.0,0.0,no_mans_land,deuce,near,0.673498,1.997536,no_mans_land,ad,far,0.139295,20.075916,1.720479,down the line,In,False,15:31:17,3650.97998,0,,,,,,,,,,,
208,Player,1,serve,Serve,Slice,129.0,159,0.0,0.0,service_box,deuce,far,-2.969177,16.445118,no_mans_land,deuce,near,0.673498,1.472289,2.583739,out wide,In,False,15:31:28,3662.47998,1,,,,,,,,,,,
209,Player,1,serve,Serve,Slice,138.0,160,0.0,0.0,service_box,deuce,far,-3.88473,14.848265,no_mans_land,deuce,near,0.903713,0.715356,2.683532,out wide,In,False,15:32:06,3699.97998,1,,,,,,,,,,,
210,Opponent,0,none,Forehand,Topspin,39.0,161,0.0,0.0,service_box,deuce,near,0.47371,6.30527,service_box,ad,far,0.563127,15.205845,1.649629,inside in,In,False,15:32:47,3741.179932,0,,,,,,,,,,,
211,Opponent,1,serve,Serve,Flat,170.0,163,0.0,0.0,service_box,deuce,near,2.773034,5.653561,no_mans_land,deuce,far,-1.211635,23.986593,2.369898,out wide,In,False,15:32:57,3751.47998,1,,,,,,,,,,,
212,Player,2,return,Forehand,Slice,68.0,163,0.0,0.0,no_mans_land,ad,far,2.412802,18.691343,no_mans_land,deuce_alley,near,4.316926,1.749261,1.413664,down the line,In,False,15:32:58,3752.419922,1,,,,,,,,,,,
213,Opponent,3,serve_plus_one,BH Volley,Flat,39.0,163,0.0,0.0,no_mans_land,ad,near,-1.647923,2.662718,no_mans_land,ad,far,2.412802,19.900131,0.63011,cross court,In,False,15:32:59,3753.379883,1,,,,,,,,,,,
214,Player,4,return_plus_one,Backhand,Flat,65.0,163,0.0,0.0,service_box,ad,far,2.071051,16.954924,no_mans_land,ad,near,-1.871517,0.310171,0.494871,cross court,In,False,15:33:01,3754.620117,1,,,,,,,,,,,
215,Opponent,0,in_play,BH Volley,Flat,29.0,163,0.0,0.0,service_box,ad,far,2.941116,11.88,service_box,ad,far,2.071051,18.163712,0.861627,cross court,Net,False,15:33:02,3755.580078,1,,,,,,,,,,,
216,Player,0,none,Backhand,Flat,37.0,164,0.0,0.0,out,deuce,far,-0.205312,25.337566,out,ad,near,-0.514204,-0.58073,0.914512,down the line,Out,False,15:33:11,3764.800049,0,,,,,,,,,,,
217,Opponent,0,none,Backhand,Topspin,110.0,168,0.0,0.0,no_mans_land,deuce,near,0.49849,2.605682,no_mans_land,ad,far,0.479764,22.42037,1.265607,down the line,In,False,15:34:06,3819.879883,0,,,,,,,,,,,
218,Player,0,none,Feed,Flat,38.0,170,0.0,0.0,no_mans_land,deuce,near,1.305469,11.88,service_box,deuce,near,0.748317,6.432495,2.008367,---,Net,False,15:34:12,3825.879883,1,,,,,,,,,,,cancelled
219,Player,0,none,Forehand,Flat,42.0,170,0.0,0.0,service_box,ad,far,0.272808,16.325222,service_box,deuce,near,0.674837,10.122019,1.71381,down the line,In,False,15:34:14,3828.199951,1,,,,,,,,,,,cancelled
220,Opponent,1,serve,Serve,Flat,157.0,171,0.0,0.0,service_box,deuce,near,0.886091,7.594562,no_mans_land,deuce,far,-1.102211,24.717262,2.446895,down the T,In,False,15:34:20,3834.080078,0,,,,,,,,,,,
221,Player,0,none,Backhand,Topspin,67.0,172,0.0,0.0,service_box,ad,far,0.414803,15.32222,out,deuce,near,1.371907,-0.637306,0.749825,inside in,In,False,15:34:21,3834.73999,1,,,,,,,,,,,
222,Opponent,1,serve,Serve,Slice,188.0,173,0.0,0.0,service_box,ad,near,-2.660076,6.772299,no_mans_land,ad,far,0.778307,24.044329,2.413062,out wide,In,False,15:34:36,3850.23999,1,,,,,,,,,,,
223,Player,2,return,Backhand,Topspin,73.0,173,0.0,0.0,service_box,deuce,far,-1.485667,17.087894,out,ad_alley,near,-4.965399,-1.128381,0.920771,down the line,In,False,15:34:37,3851.02002,1,,,,,,,,,,,
224,Opponent,3,serve_plus_one,Forehand,Slice,76.0,173,0.0,0.0,service_box,ad,near,-1.81,11.88,no_mans_land,ad,far,0.16,24.25,1.428379,inside out,Net,False,15:34:39,3852.780029,1,In,-1.808622,7.768906,0.155165,24.25432,Net,-1.81,7.77,0.16,24.25,
225,Player,0,none,Feed,Flat,36.0,174,0.0,0.0,service_box,deuce,near,0.689298,11.88,no_mans_land,deuce,near,0.830069,3.154862,1.476456,---,Net,False,15:34:44,3857.879883,-1,,,,,,,,,,,cancelled
226,Player,0,none,Forehand,Topspin,44.0,174,0.0,0.0,no_mans_land,deuce,near,0.761212,11.88,out,ad,near,-0.29792,-1.158324,2.677984,inside in,Net,False,15:34:45,3858.679932,-1,,,,,,,,,,,cancelled
227,Opponent,1,serve,Serve,Flat,159.0,178,0.0,0.0,service_box,ad,near,-3.99,7.04,no_mans_land,ad,far,0.55,24.66,2.337453,out wide,Let,False,15:35:19,3892.97998,-1,In,-3.993887,7.040822,0.546579,24.655989,Let,-3.99,7.04,0.55,24.66,
228,Player,0,return,Backhand,Topspin,69.0,178,0.0,0.0,service_box,ad,far,0.660449,16.634321,out,ad_alley,near,-4.769401,-1.632765,0.753734,down the line,In,False,15:35:20,3893.620117,-1,,,,,,,,,,,
229,Player,0,none,Forehand,Topspin,72.0,179,0.0,0.0,no_mans_land,deuce,near,0.251896,1.799177,service_box,ad,far,0.020057,19.036182,1.301546,inside in,In,False,15:35:41,3914.780029,1,,,,,,,,,,,
230,Player,0,none,Forehand,Topspin,66.0,180,0.0,0.0,service_box,ad,far,0.656849,16.758633,service_box,deuce,near,1.061567,9.813724,1.388122,down the line,In,False,15:36:02,3935.580078,1,,,,,,,,,,,
231,Player,1,serve,Serve,Flat,205.0,183,0.0,0.0,service_box,deuce,near,1.073146,7.113798,no_mans_land,deuce,far,-1.389584,23.792994,2.594512,down the T,In,False,15:37:33,4027.280029,1,,,,,,,,,,,swapped srv
232,Opponent,2,return,Backhand,Flat,43.0,183,0.0,0.0,service_box,deuce,near,1.941921,11.88,no_mans_land,deuce,near,1.407067,2.466782,0.914489,inside out,Net,False,15:37:34,4028.02002,1,,,,,,,,,,,swapped srv
233,Opponent,0,none,Feed,Topspin,35.0,185,0.0,0.0,no_mans_land,ad,far,0.014092,18.752621,no_mans_land,deuce,near,0.512974,3.03767,2.643244,---,In,False,15:38:00,4053.580078,1,,,,,,,,,,,cancelled
234,Player,0,none,Backhand,Topspin,43.0,185,0.0,0.0,no_mans_land,deuce,near,0.392467,5.087961,no_mans_land,deuce,far,-0.050894,20.16255,1.273178,inside out,In,False,15:38:02,4055.580078,1,,,,,,,,,,,cancelled
235,Player,1,serve,Serve,Flat,210.0,186,0.0,0.0,service_box,deuce,near,3.8281,6.177888,no_mans_land,deuce,far,-1.133295,23.395216,2.65633,out wide,In,False,15:38:11,4065.280029,1,,,,,,,,,,,
236,Player,1,serve,Serve,Flat,209.0,187,0.0,0.0,service_box,ad,near,-0.406116,5.856718,no_mans_land,ad,far,0.253572,23.033419,2.531078,down the T,In,False,15:38:33,4086.580078,1,,,,,,,,,,,swapped srv
237,Opponent,1,serve,Serve,Flat,208.0,190,0.0,0.0,service_box,deuce,far,-3.418669,16.938543,no_mans_land,deuce,near,0.22678,0.274028,2.092463,out wide,In,False,15:39:07,4121.379883,0,,,,,,,,,,,
238,Player,2,return,Forehand,Flat,86.0,190,0.0,0.0,no_mans_land,ad,near,-1.838015,4.630092,out,deuce_alley,far,-4.99295,25.81595,0.927984,down the line,In,False,15:39:08,4122.160156,0,,,,,,,,,,,
239,Opponent,3,serve_plus_one,BH Volley,Flat,40.0,190,0.0,0.0,out,ad,far,3.33,23.0,no_mans_land,ad,near,-1.84,4.1,0.195369,cross court,In,False,15:39:09,4123.080078,0,Out,3.32888,24.338621,-1.838015,4.104845,In,3.33,23.0,-1.84,4.1,
240,Opponent,1,serve,Serve,Flat,165.0,192,0.0,0.0,service_box,ad,far,2.764491,17.152088,no_mans_land,ad,near,-0.977063,-0.427504,2.487506,out wide,In,False,15:39:41,4154.680176,1,,,,,,,,,,,swapped srv
241,Player,2,return,Backhand,Topspin,96.0,192,0.0,0.0,no_mans_land,deuce,near,2.2483,2.47206,no_mans_land,ad_alley,far,4.346303,24.950981,1.286545,down the line,In,False,15:39:41,4155.379883,1,,,,,,,,,,,swapped srv
242,Opponent,3,serve_plus_one,Forehand,Flat,51.0,192,0.0,0.0,service_box,ad,near,-0.768529,11.88,no_mans_land,deuce,near,2.205498,0.254297,0.604439,down the line,Net,False,15:39:42,4156.319824,1,,,,,,,,,,,swapped srv
243,Opponent,0,none,Backhand,Flat,69.0,193,0.0,0.0,no_mans_land,deuce,far,-0.188501,11.88,service_box,ad,far,0.036483,12.035134,1.450836,down the line,Net,False,15:39:52,4166.359863,1,,,,,,,,,,,
244,Opponent,0,none,Forehand,Topspin,34.0,194,0.0,0.0,no_mans_land,deuce,near,0.246889,4.282347,service_box,deuce,far,-0.628254,11.981072,1.829175,cross court,In,False,15:40:04,4177.97998,0,,,,,,,,,,,
245,Opponent,1,serve,Serve,Flat,125.0,196,0.0,0.0,service_box,ad,far,3.492479,17.217628,no_mans_land,ad,near,-0.921676,0.768304,2.482028,out wide,In,False,15:40:21,4194.97998,0,,,,,,,,,,,swapped srv
246,Player,2,return,Backhand,Flat,105.0,196,0.0,0.0,service_box,deuce,far,-0.126862,11.88,no_mans_land,ad_alley,far,5.098342,24.769903,0.960375,down the line,Net,False,15:40:22,4195.899902,0,,,,,,,,,,,swapped srv
247,Opponent,1,serve,Serve,Kick,139.0,197,0.0,0.0,service_box,deuce,far,-3.34391,16.76189,no_mans_land,deuce,near,0.281183,0.546338,2.441636,out wide,In,False,15:40:42,4215.540039,0,,,,,,,,,,,
248,Player,2,return,Forehand,Topspin,116.0,197,0.0,0.0,service_box,ad,near,-1.956723,5.910118,no_mans_land,deuce_alley,far,-4.780428,24.891718,1.050454,down the line,In,False,15:40:42,4216.279785,0,,,,,,,,,,,
249,Opponent,3,serve_plus_one,Backhand,Flat,53.0,197,0.0,0.0,service_box,ad,far,2.072939,16.875122,no_mans_land,ad,near,-0.360928,2.47821,0.866315,cross court,In,False,15:40:43,4217.419922,0,,,,,,,,,,,
250,Player,0,none,Forehand,Topspin,35.0,200,0.0,0.0,service_box,deuce,near,0.055039,8.881464,service_box,ad,far,0.330286,16.046125,1.780123,inside in,In,False,15:42:19,4313.47998,1,,,,,,,,,,,
251,Player,1,serve,Serve,Flat,170.0,201,0.0,0.0,service_box,deuce,far,-2.882966,18.288,no_mans_land,deuce,near,0.777174,0.10647,2.431383,out wide,In,False,15:42:34,4328.379883,1,,,,,,,,,,,
252,Opponent,2,return,Forehand,Flat,80.0,201,0.0,0.0,no_mans_land,ad,near,-0.382536,4.981487,out,deuce_out,far,-5.648465,25.607521,0.96285,down the line,In,False,15:42:35,4329.180176,1,,,,,,,,,,,
253,Player,3,serve_plus_one,FH Volley,Flat,31.0,201,0.0,0.0,service_box,ad,far,1.489857,17.49152,no_mans_land,ad,near,-0.382536,4.45624,1.621986,cross court,In,False,15:42:36,4330.180176,1,,,,,,,,,,,
254,Opponent,4,return_plus_one,Backhand,Flat,53.0,201,0.0,0.0,no_mans_land,ad,near,-3.16,-1.0,no_mans_land,ad,far,2.69,23.25,1.154373,cross court,Out,False,15:42:38,4331.759766,1,In,-3.16,-1.0,2.69,23.25,Out,-3.16,-1.0,2.69,23.25,
255,Player,1,serve,Serve,Slice,210.0,203,0.0,0.0,service_box,ad,far,3.722075,17.932035,out,ad,near,-0.302317,-0.688414,2.535108,out wide,In,False,15:43:02,4355.97998,1,,,,,,,,,,,
256,Opponent,0,none,Forehand,Flat,68.0,204,0.0,0.0,out,ad,near,-0.147709,-0.296049,service_box,ad,far,0.111421,19.119787,1.790266,inside out,Out,False,15:43:23,4376.97998,1,,,,,,,,,,,
257,Player,1,serve,Serve,Slice,159.0,205,0.0,0.0,service_box,ad,far,3.082613,17.398788,out,ad,near,-0.147709,-0.821296,2.566168,out wide,In,False,15:43:45,4398.779785,1,,,,,,,,,,,
258,Opponent,0,none,Backhand,Topspin,47.0,206,0.0,0.0,service_box,deuce,near,0.089312,11.864109,out,ad_alley,far,5.100233,25.087404,1.150778,down the line,In,False,15:43:45,4399.459961,0,,,,,,,,,,,
259,Opponent,0,none,Backhand,Topspin,55.0,208,0.0,0.0,service_box,deuce,near,0.563573,10.038078,service_box,ad,far,0.238792,13.360273,1.320107,down the line,In,False,15:44:30,4444.080078,0,,,,,,,,,,,
276,Opponent,1,serve,Serve,,,76,,,,,,-1.5,5.5,,ad,far,0.3,24.0,,,In,,,2017.0,0,In,1.5,5.5,0.1,24.0,In,-1.5,5.5,0.3,24.0,
277,Opponent,1,serve,Serve,,,130,,,,,,4.0,6.0,,deuce,far,-0.5,25.0,,,In,,,3013.0,1,In,-0.5,25.0,4.0,6.0,In,4.0,6.0,-0.5,25.0,
